<?xml version="1.0" encoding="UTF-8"?>
<year>
	<month>
		<label>01</label>
		<value>01</value>
	</month>
	<month>
		<label>02</label>
		<value>02</value>
	</month>
	<month>
		<label>03</label>
		<value>03</value>
	</month>
	<month>
		<label>04</label>
		<value>04</value>
	</month>
	<month>
		<label>05</label>
		<value>05</value>
	</month>
	<month>
		<label>06</label>
		<value>06</value>
	</month>
	<month>
		<label>07</label>
		<value>07</value>
	</month>
	<month>
		<label>08</label>
		<value>08</value>
	</month>
	<month>
		<label>09</label>
		<value>09</value>
	</month>
	<month>
		<label>10</label>
		<value>10</value>
	</month>
	<month>
		<label>11</label>
		<value>11</value>
	</month>
	<month>
		<label>12</label>
		<value>12</value>
	</month>
</year>