<?xml version="1.0" encoding="UTF-8"?>
<rewardCenterInfo>
	<school>
		<type>
			<label>유치원</label>
			<value>01</value>
		</type>
		<type>
			<label>초등학교</label>
			<value>02</value>
		</type>
		<type>
			<label>중학교</label>
			<value>03</value>
		</type>
		<type>
			<label>고등학교</label>
			<value>04</value>
		</type>
		<type>
			<label>전문대학</label>
			<value>05</value>
		</type>
		<type>
			<label>대학교</label>
			<value>06</value>
		</type>
		<type>
			<label>대학원</label>
			<value>07</value>
		</type>
		<type>
			<label>기술대학</label>
			<value>08</value>
		</type>
		<type>
			<label>기타</label>
			<value>09</value>
		</type>
	</school>
	<hospital>
		<type>
			<label>병원</label>
			<value>11</value>
		</type>
		<type>
			<label>정비공장</label>
			<value>21</value>
		</type>
	</hospital>
</rewardCenterInfo>