<?xml version="1.0" encoding="UTF-8"?>
<codeDiv>
	<codeDiv>
		<type>
			<label>11</label>
			<value>책임</value>
		</type>
		<type>
			<label>21</label>
			<value>대인</value>
		</type>
		<type>
			<label>33</label>
			<value>대물</value>
		</type>
		<type>
			<label>44</label>
			<value>자손</value>
		</type>
		<type>
			<label>51</label>
			<value>타차대인</value>
		</type>
		<type>
			<label>53</label>
			<value>타차대물</value>
		</type>
		<type>
			<label>54</label>
			<value>타차자손</value>
		</type>
		<type>
			<label>55</label>
			<value>무보험</value>
		</type>
		<type>
			<label>66</label>
			<value>자차</value>
		</type>
		<type>
			<label>74</label>
			<value>자상</value>
		</type>
		<type>
			<label>94</label>
			<value>운전자</value>
		</type>
		<type>
			<label>95</label>
			<value>보장</value>
		</type>
	</codeDiv>
</codeDiv>