<?xml version="1.0" encoding="UTF-8"?>
<mail>
	<email>
		<label>네이버</label>
		<value>naver.com</value>
	</email>
	<email>
		<label>지메일</label>
		<value>gmail.com</value>
	</email>
	<email>
		<label>네이트</label>
		<value>nate.com</value>
	</email>
	<email>
		<label>한메일</label>
		<value>hanmail.net</value>
	</email>
	<email>
		<label>핫메일</label>
		<value>hotmail.com</value>
	</email>
	<email>
		<label>천리안</label>
		<value>chol.com</value>
	</email>
	<email>
		<label>드림위즈</label>
		<value>dreamwiz.com</value>
	</email>
	<email>
		<label>야후</label>
		<value>yahoo.com</value>
	</email>
	<email>
		<label>야후 코리아</label>
		<value>yahoo.co.kr</value>
	</email>
	<email>
		<label>엠파스</label>
		<value>empal.com</value>
	</email>
	<email>
		<label>프리첼</label>
		<value>freechal.com</value>
	</email>
	<email>
		<label>하나포스</label>
		<value>hanafos.com</value>
	</email>
	<email>
		<label>한미르</label>
		<value>hanmir.com</value>
	</email>
	<email>
		<label>코리아</label>
		<value>korea.com</value>
	</email>
	<email>
		<label>라이코스</label>
		<value>lycos.co.kr</value>
	</email>
	<email>
		<label>네띠앙</label>
		<value>netian.com</value>
	</email>
	<email>
		<label>유니텔</label>
		<value>unitel.co.kr</value>
	</email>
</mail>