<?xml version="1.0" encoding="UTF-8"?>
<insurance>
	<long>
		<type>
			<label>주택화재보험</label>
			<value>The-K 우리집 화재보험</value>
		</type>
		<type>
			<label>저축보험</label>
			<value>The 모아 플러스 저축보험</value>
		</type>
		<type>
			<label>치아보험</label>
			<value>The 하얀미소 건강보험</value>
		</type>
		<type>
			<label>운전자보험</label>
			<value>The-K 운전자보험</value>
		</type>
		<type>
			<label>질병보험</label>
			<value>The 가족사랑건강보험</value>
		</type>
		<type>
			<label>연금보험</label>
			<value>연금저축손해보험</value>
		</type>
	</long>
</insurance>
