<?xml version="1.0" encoding="UTF-8"?>
<car>
	<carNumCategory>
		<carNum>
			<label>차량번호</label>
			<value>1</value>
		</carNum>
		<carNum>
			<label>차대번호</label>
			<value>2</value>
		</carNum>
	</carNumCategory>
	<carIdentificationType>
		<type>
			<label>차량번호</label>
			<value>1</value>
		</type>
		<type>
			<label>차대번호</label>
			<value>2</value>
		</type>
		<type>
			<label>차량구입예정</label>
			<value>3</value>
		</type>
	</carIdentificationType>
</car>