<?xml version="1.0" encoding="UTF-8"?>
<LicenseRegion>
	<region>
		<type>
			<label>서울</label>
			<value>01</value>
		</type>
		<type>
			<label>부산</label>
			<value>02</value>
		</type>
		<type>
			<label>대구</label>
			<value>03</value>
		</type>
		<type>
			<label>인천</label>
			<value>04</value>
		</type>
		<type>
			<label>광주</label>
			<value>05</value>
		</type>
		<type>
			<label>대전</label>
			<value>06</value>
		</type>
		<type>
			<label>울산</label>
			<value>07</value>
		</type>
		<type>
			<label>경기</label>
			<value>08</value>
		</type>
		<type>
			<label>강원</label>
			<value>09</value>
		</type>
		<type>
			<label>충북</label>
			<value>10</value>
		</type>
		<type>
			<label>충남</label>
			<value>11</value>
		</type>
		<type>
			<label>전북</label>
			<value>12</value>
		</type>
		<type>
			<label>전남</label>
			<value>13</value>
		</type>
		<type>
			<label>경북</label>
			<value>14</value>
		</type>
		<type>
			<label>경남</label>
			<value>15</value>
		</type>
		<type>
			<label>제주</label>
			<value>16</value>
		</type>
	</region>
</LicenseRegion>
