<?xml version="1.0" encoding="UTF-8"?>
<crdTrsfType>
	<acctTrsf>
		<day>
			<label>05</label>
			<value>05</value>
		</day>
		<day>
			<label>11</label>
			<value>11</value>
		</day>
		<day>
			<label>15</label>
			<value>15</value>
		</day>
		<day>
			<label>21</label>
			<value>21</value>
		</day>
		<day>
			<label>25</label>
			<value>25</value>
		</day>
		<day>
			<label>31</label>
			<value>31</value>
		</day>
	</acctTrsf>
	<cardTrsf>
		<day>
			<label>13</label>
			<value>13</value>
		</day>
		<day>
			<label>23</label>
			<value>23</value>
		</day>
	</cardTrsf>
</crdTrsfType>
