<?xml version="1.0" encoding="UTF-8"?>
<relation>
	<dirverRelationCode>
		<type>
			<label>본인</label>
			<value>1001</value>
		</type>
		<type>
			<label>배우자</label>
			<value>1002</value>
		</type>
		<type>
			<label>부모</label>
			<value>1004</value>
		</type>
		<type>
			<label>자녀</label>
			<value>1003</value>
		</type>
		<type>
			<label>형제/자매</label>
			<value>1005</value>
		</type>
		<type>
			<label>사위/며느리</label>
			<value>1007</value>
		</type>
		<type>
			<label>친척</label>
			<value>1010</value>
		</type>
		<type>
			<label>고용기사</label>
			<value>1011</value>
		</type>
		<type>
			<label>기타</label>
			<value>1009</value>
		</type>
	</dirverRelationCode>
</relation>