<?xml version="1.0" encoding="UTF-8"?>
<realEstate>
	<realEstateType>
		<type>
			<label>아파트</label>
			<value>아파트</value>
		</type>
		<type>
			<label>다세대</label>
			<value>다세대</value>
		</type>
		<type>
			<label>다가구</label>
			<value>다가구</value>
		</type>
		<type>
			<label>단독주택</label>
			<value>단독주택</value>
		</type>
		<type>
			<label>오피스텔</label>
			<value>오피스텔</value>
		</type>
		<type>
			<label>상가</label>
			<value>상가</value>
		</type>
		<type>
			<label>토지(농지)</label>
			<value>토지(농지)</value>
		</type>
		<type>
			<label>토지(농지외)</label>
			<value>토지(농지외)</value>
		</type>
		<type>
			<label>기타</label>
			<value>기타</value>
		</type>
	</realEstateType>
	<doArea>
		<type>
			<label>서울</label>
			<value>서울</value>
		</type>
		<type>
			<label>경기</label>
			<value>경기</value>
		</type>
		<type>
			<label>대전</label>
			<value>대전</value>
		</type>
		<type>
			<label>대구</label>
			<value>대구</value>
		</type>
		<type>
			<label>부산</label>
			<value>부산</value>
		</type>
		<type>
			<label>광주</label>
			<value>광주</value>
		</type>
		<type>
			<label>제주</label>
			<value>제주</value>
		</type>
		<type>
			<label>충북</label>
			<value>충북</value>
		</type>
		<type>
			<label>충남</label>
			<value>충남</value>
		</type>
		<type>
			<label>경북</label>
			<value>경북</value>
		</type>
		<type>
			<label>경남</label>
			<value>경남</value>
		</type>
		<type>
			<label>전북</label>
			<value>전북</value>
		</type>
		<type>
			<label>전남</label>
			<value>전남</value>
		</type>
		<type>
			<label>강원</label>
			<value>강원</value>
		</type>
	</doArea>
	<realEstateTransactionType>
		<type>
			<label>해당없음</label>
			<value>해당없음</value>
		</type>
		<type>
			<label>직거래</label>
			<value>직거래</value>
		</type>
		<type>
			<label>분양</label>
			<value>분양</value>
		</type>
	</realEstateTransactionType>
</realEstate>