<?xml version="1.0" encoding="UTF-8"?>
<ApplyResumeInfo>
	<EduCode>
		<Code>
			<label>고등학교</label>
			<value>03</value>
		</Code>
		<Code>
			<label>전문대학</label>
			<value>04</value>
		</Code>
		<Code>
			<label>대학교</label>
			<value>05</value>
		</Code>		
		<Code>
			<label>대학원(연구)</label>
			<value>06</value>
		</Code>				
		<Code>
			<label>대학원(석사)</label>
			<value>07</value>
		</Code>				
		<Code>
			<label>대학원(박사)</label>
			<value>08</value>
		</Code>		
	</EduCode>
	
	<GraduateType>
		<Code>
			<label>졸업(예정)</label>
			<value>1</value>
		</Code>	
		<Code>
			<label>수료</label>
			<value>2</value>
		</Code>	
		<Code>
			<label>재학</label>
			<value>3</value>
		</Code>
		<Code>
			<label>중퇴</label>
			<value>4</value>
		</Code>
		<Code>
			<label>검정고시</label>
			<value>5</value>
		</Code>
		<Code>
			<label>기타</label>
			<value>9</value>
		</Code>
	</GraduateType>

	<StudyType>
		<Code>
			<label>본교주간</label>
			<value>1</value>
		</Code>	
		<Code>
			<label>본교야간</label>
			<value>2</value>
		</Code>	
		<Code>
			<label>분교주간</label>
			<value>3</value>
		</Code>	
		<Code>
			<label>분교야간</label>
			<value>4</value>
		</Code>			
		<Code>
			<label>주간</label>
			<value>5</value>
		</Code>	
		<Code>
			<label>야간(2부)</label>
			<value>6</value>
		</Code>	
		<Code>
			<label>해외대학</label>
			<value>7</value>
		</Code>			
	</StudyType>
	
</ApplyResumeInfo>


