<?xml version="1.0" encoding="UTF-8"?>
<phone>
	<telecomAgent>
		<type>
			<label>SKT</label>
			<value>SKT</value>
		</type>
		<type>
			<label>KT</label>
			<value>KT</value>
		</type>
		<type>
			<label>LGT</label>
			<value>LGT</value>
		</type>
	</telecomAgent>
	<sTelecomType>
		<type>
			<label>SKT</label>
			<value>1</value>
		</type>
		<type>
			<label>KT</label>
			<value>2</value>
		</type>
		<type>
			<label>LGU+</label>
			<value>3</value>
		</type>
		<type>
			<label>알뜰폰</label>
			<value>4</value>
		</type>
	</sTelecomType>
	<phoneType>
		<type>
			<label>휴대폰</label>
			<value>3</value>
			<xpath>phone/cellPhone/telecom</xpath>
		</type>
		<type>
			<label>일반</label>
			<value>1</value>
			<xpath>phone/areaNumber/area</xpath>
		</type>
	</phoneType>
	<cellPhone>
		<telecom>
			<label>010</label>
			<value>010</value>
		</telecom>
		<telecom>
			<label>011</label>
			<value>011</value>
		</telecom>
		<telecom>
			<label>016</label>
			<value>016</value>
		</telecom>
		<telecom>
			<label>017</label>
			<value>017</value>
		</telecom>
		<telecom>
			<label>018</label>
			<value>018</value>
		</telecom>
		<telecom>
			<label>019</label>
			<value>019</value>
		</telecom>
	</cellPhone>
	<areaNumber>
		<area>
			<label>서울(02)</label>
			<value>02</value>
		</area>
		<area>
			<label>경기(031)</label>
			<value>031</value>
		</area>
		<area>
			<label>인천(032)</label>
			<value>032</value>
		</area>
		<area>
			<label>강원(033)</label>
			<value>033</value>
		</area>
		<area>
			<label>충남(041)</label>
			<value>041</value>
		</area>
		<area>
			<label>대전(042)</label>
			<value>042</value>
		</area>
		<area>
			<label>충북(043)</label>
			<value>043</value>
		</area>
		<area>
			<label>세종(044)</label>
			<value>044</value>
		</area>
		<area>
			<label>부산(051)</label>
			<value>051</value>
		</area>
		<area>
			<label>울산(052)</label>
			<value>052</value>
		</area>
		<area>
			<label>대구(053)</label>
			<value>053</value>
		</area>
		<area>
			<label>경북(054)</label>
			<value>054</value>
		</area>
		<area>
			<label>경남(055)</label>
			<value>055</value>
		</area>
		<area>
			<label>전남(061)</label>
			<value>061</value>
		</area>
		<area>
			<label>광주(062)</label>
			<value>062</value>
		</area>
		<area>
			<label>전북(063)</label>
			<value>063</value>
		</area>
		<area>
			<label>제주(064)</label>
			<value>064</value>
		</area>
		<area>
			<label>070</label>
			<value>070</value>
		</area>
		<area>
			<label>0502</label>
			<value>0502</value>
		</area>
		<area>
			<label>0505</label>
			<value>0505</value>
		</area>
	</areaNumber>
</phone>
