<?xml version="1.0" encoding="UTF-8"?>
<cont>
	<drv> <!-- 일반 -->
		<taskDiv> 
			<label>청약철회신청 </label>
			<outB>3185</outB> <!-- 아웃바운드 -->
			<webH>9410</webH> <!-- 웹이력 -->
		</taskDiv>
		<taskDiv> 
			<label>계약내용 변경 신청 </label>
			<outB>3182</outB>
			<webH>9405</webH>
		</taskDiv>
		<taskDiv> 
			<label>계약해지 신청 </label>
			<outB>3193</outB>
			<webH>9508</webH>
		</taskDiv>
	</drv>
	<long> <!-- 장기 -->
		<taskDiv> 
			<label>청약철회신청 </label>
			<outB>3187</outB> <!-- 아웃바운드 -->
			<webH>9504</webH> <!-- 웹이력 -->
		</taskDiv>
		<taskDiv> 
			<label>실효계약 부활 신청 </label>
			<outB>8032</outB>
			<webH>9510</webH>
		</taskDiv>
		<taskDiv> 
			<label>계약내용 변경 신청 </label>
			<outB>3192</outB>
			<webH>9505</webH>
		</taskDiv>
		<taskDiv> 
			<label>계약해지 신청 </label>
			<outB>3194</outB>
			<webH>9509</webH>
		</taskDiv>
	</long>
</cont>