<?xml version="1.0" encoding="UTF-8"?>
<!-- 채용>인사제도>상담직>연도대상 시상식>연도대상 시상식 -->
<awardList>
	<list>
		<data>
			<sYear>2011 </sYear>
			<sTitle>2011 연도대상 시상식</sTitle>
			<sImgSrc>/static/recruit/images/content/awardsImg2011.jpg</sImgSrc>
			<sContens>일시&lt;br/&gt; &amp;nbsp;- &amp;nbsp;2012년 4월 18일 (수) &lt;br/&gt;&lt;br/&gt;시상&lt;br/&gt; &amp;nbsp;- &amp;nbsp;본상 TSR 10명/ PSR 7명 / CSR 3명 &lt;br/&gt; &amp;nbsp;- &amp;nbsp;통합수상인원 중 최우수상/우수상/장려상 각 1명(총 3명)은 CSR&lt;br/&gt; &amp;nbsp;- &amp;nbsp;광주 우수상 수상인원 2명 중 1명은 일반/장기보험 부문</sContens>
		</data>
	</list>
</awardList>