<?xml version="1.0" encoding="UTF-8"?>
<ApplyResumeInfo>
	<FamilyMasterRel>
		<Code>
			<label>부</label>
			<value>04</value>
		</Code>
		<Code>
			<label>모</label>
			<value>05</value>
		</Code>
		<Code>
			<label>본인</label>
			<value>01</value>
		</Code>
		<Code>
			<label>배우자</label>
			<value>06</value>
		</Code>
		<Code>
			<label>조부</label>
			<value>02</value>
		</Code>
		<Code>
			<label>조모</label>
			<value>03</value>
		</Code>
		<Code>
			<label>자녀</label>
			<value>07</value>
		</Code>
		<Code>
			<label>형제자매</label>
			<value>08</value>
		</Code>
	</FamilyMasterRel>
	
	<MilitaryType>
		<Code>
			<label>육군</label>
			<value>1</value>
		</Code>
		<Code>
			<label>해군</label>
			<value>2</value>
		</Code>
		<Code>
			<label>공군</label>
			<value>3</value>
		</Code>
		<Code>
			<label>해병</label>
			<value>4</value>
		</Code>
		<Code>
			<label>전경</label>
			<value>5</value>
		</Code>
		<Code>
			<label>의경</label>
			<value>6</value>
		</Code>
		<Code>
			<label>의무소방대</label>
			<value>7</value>
		</Code>
		<Code>
			<label>카츄사</label>
			<value>8</value>
		</Code>
	</MilitaryType>
			
	<MilitaryClass>
			<Code>
				<label>병장</label>
				<value>15</value>
			</Code>
			<Code>
				<label>상병</label>
				<value>16</value>
			</Code>
			<Code>
				<label>일병</label>
				<value>17</value>
			</Code>
			<Code>
				<label>이병</label>
				<value>18</value>
			</Code>
			<Code>
				<label>대위</label>
				<value>08</value>
			</Code>
			<Code>
				<label>중위</label>
				<value>09</value>
			</Code>
			<Code>
				<label>소위</label>
				<value>10</value>
			</Code>
			<Code>
				<label>준위</label>
				<value>11</value>
			</Code>
			<Code>
				<label>상사</label>
				<value>12</value>
			</Code>
			<Code>
				<label>중사</label>
				<value>13</value>
			</Code>
			<Code>
				<label>하사</label>
				<value>14</value>
			</Code>
			<Code>
				<label>대장</label>
				<value>01</value>
			</Code>
			<Code>
				<label>중장</label>
				<value>02</value>
			</Code>
			<Code>
				<label>소장</label>
				<value>03</value>
			</Code>
			<Code>
				<label>준장</label>
				<value>04</value>
			</Code>
			<Code>
				<label>대령</label>
				<value>05</value>
			</Code>
			<Code>
				<label>중령</label>
				<value>06</value>
			</Code>
			<Code>
				<label>소령</label>
				<value>07</value>
			</Code>
	</MilitaryClass>
	
	<MilitaryStat>
			<Code>
				<label>군필</label>
				<value>1</value>
			</Code>
			<Code>
				<label>면제</label>
				<value>2</value>
			</Code>
			<Code>
				<label>미필</label>
				<value>3</value>
			</Code>
	</MilitaryStat>
	
	<RemissionCode>
			<Code>
				<label>생계유지</label>
				<value>05</value>
			</Code>
			<Code>
				<label>신검불합격</label>
				<value>01</value>
			</Code>
			<Code>
				<label>부선망독자</label>
				<value>03</value>
			</Code>
			<Code>
				<label>특례보충역</label>
				<value>04</value>
			</Code>
			<Code>
				<label>군경유가족</label>
				<value>06</value>
			</Code>
			<Code>
				<label>2대이상독자</label>
				<value>02</value>
			</Code>
			<Code>
				<label>기타</label>
				<value>99</value>
			</Code>
	</RemissionCode>	
	
	<ExploitType>
			<Code>
				<label>독립유공자</label>
				<value>1</value>
			</Code>
			<Code>
				<label>국가유공자</label>
				<value>2</value>
			</Code>
			<Code>
				<label>518민주유공자</label>
				<value>3</value>
			</Code>
			<Code>
				<label>참전유공자</label>
				<value>4</value>
			</Code>
			<Code>
				<label>고엽제후유(의)증</label>
				<value>5</value>
			</Code>
			<Code>
				<label>특수임무수행자</label>
				<value>6</value>
			</Code>
			<Code>
				<label>장기근무제대군인</label>
				<value>7</value>
			</Code>
	</ExploitType>
	
	<ReligionCode>
			<Code>
				<label>무교</label>
				<value>01</value>
			</Code>	
			<Code>
				<label>불교</label>
				<value>02</value>
			</Code>	
			<Code>
				<label>기독교</label>
				<value>03</value>
			</Code>	
			<Code>
				<label>천주교</label>
				<value>04</value>
			</Code>	
			<Code>
				<label>원불교</label>
				<value>05</value>
			</Code>	
			<Code>
				<label>천도교</label>
				<value>07</value>
			</Code>	
			<Code>
				<label>이슬람교</label>
				<value>06</value>
			</Code>	
			<Code>
				<label>기타</label>
				<value>99</value>
			</Code>	
	</ReligionCode>
	
 	<RelCode>
			<Code>
				<label>부</label>
				<value>04</value>
			</Code>	
			<Code>
				<label>모</label>
				<value>05</value>
			</Code>	
			<Code>
				<label>배우자</label>
				<value>06</value>
			</Code>	
			<Code>
				<label>조부</label>
				<value>02</value>
			</Code>	
			<Code>
				<label>조모</label>
				<value>03</value>
			</Code>	
			<Code>
				<label>자녀</label>
				<value>07</value>
			</Code>	
			<Code>
				<label>형제자매</label>
				<value>08</value>
			</Code>	
	</RelCode> 
	
	<EduCode>
			<Code>
				<label>미취학</label>
				<value>00</value>
			</Code>		
			<Code>
				<label>유치원</label>
				<value>01</value>
			</Code>		
			<Code>
				<label>초등재학</label>
				<value>02</value>
			</Code>		
			<Code>
				<label>초등졸업</label>
				<value>03</value>
			</Code>		
			<Code>
				<label>중학재학</label>
				<value>04</value>
			</Code>		
			<Code>
				<label>중학졸업</label>
				<value>05</value>
			</Code>		
			<Code>
				<label>고등재학</label>
				<value>06</value>
			</Code>		
			<Code>
				<label>고등졸업</label>
				<value>07</value>
			</Code>		
			<Code>
				<label>대학재학</label>
				<value>08</value>
			</Code>		
			<Code>
				<label>대학졸업</label>
				<value>09</value>
			</Code>		
			<Code>
				<label>대학원재학</label>
				<value>10</value>
			</Code>		
			<Code>
				<label>대학원졸업</label>
				<value>11</value>
			</Code>		
	</EduCode>	
	<sPosition>
		<Code>
			<label>부장</label>
			<value>06</value>
		</Code>	
		<Code>
			<label>차장</label>
			<value>07</value>
		</Code>	
		<Code>
			<label>과장</label>
			<value>08</value>
		</Code>	
		<Code>
			<label>대리</label>
			<value>09</value>
		</Code>	
		<Code>
			<label>사원</label>
			<value>10</value>
		</Code>	
		<Code>
			<label>기타</label>
			<value>99</value>
		</Code>	
	</sPosition> 
	<sLangType>
		<Code>
			<label>영어</label>
			<value>1</value>
		</Code>
		<Code>
			<label>일본어</label>
			<value>2</value>
		</Code>
		<Code>
			<label>중국어</label>
			<value>3</value>
		</Code>
		<Code>
			<label>독일어</label>
			<value>4</value>
		</Code>
		<Code>
			<label>불어</label>
			<value>5</value>
		</Code>
		<Code>
			<label>서반아어</label>
			<value>6</value>
		</Code>
		<Code>
			<label>아랍어</label>
			<value>7</value>
		</Code>
		<Code>
			<label>기타</label>
			<value>9</value>
		</Code>
	</sLangType> 
</ApplyResumeInfo>


