<?xml version="1.0" encoding="UTF-8"?>
<hour>
	<callTime>
		<type>
			<label>AM 09:00 ~ 10:00</label>
			<value>요청시각 : 9시~10시</value>
		</type>
		<type>
			<label>AM 10:00 ~ 11:00</label>
			<value>요청시각 : 10시~11시</value>
		</type>
		<type>
			<label>AM 11:00 ~ 12:00</label>
			<value>요청시각 : 11시~12시</value>
		</type>
		<type>
			<label>PM 12:00 ~ 13:00</label>
			<value>요청시각 : 12시~13시</value>
		</type>
		<type>
			<label>PM 13:00 ~ 14:00</label>
			<value>요청시각 : 13시~14시</value>
		</type>
		<type>
			<label>PM 14:00 ~ 15:00</label>
			<value>요청시각 : 14시~15시</value>
		</type>
		<type>
			<label>PM 15:00 ~ 16:00</label>
			<value>요청시각 : 15시~16시</value>
		</type>
		<type>
			<label>PM 16:00 ~ 17:00</label>
			<value>요청시각 : 16시~17시</value>
		</type>
		<type>
			<label>PM 17:00 ~ 18:00</label>
			<value>요청시각 : 17시~18시</value>
		</type>
	</callTime>
</hour>
