<?xml version="1.0" encoding="UTF-8" ?>
<html xmlns="http://www.w3.org/1999/xhtml" xmlns:ev="http://www.w3.org/2001/xml-events" xmlns:w2="http://www.inswave.com/websquare" xmlns:xf="http://www.w3.org/2002/xforms">
    <head>
        <w2:buildDate/>
        <xf:model>
            <xf:instance>
                <data xmlns=""/>
            </xf:instance>
        </xf:model>
        <script type="javascript"><![CDATA[ ]]></script>
    </head>
    <body>
    	<xf:group id="grpFloatingMessage" class="" style="position:fixed;left:0;top:0;width:100%;height:100%;display:none;z-index:900;overflow:hidden">
			<xf:group id="grpFloatingBackground" class="" style="position:fixed;top:0;width:100%;height:100%;background:#000;opacity:0.3;filter:alpha(opacity=30)"></xf:group>
	    	<w2:floatingLayer bodyComplex="true" class="mpp flay" dragAlwaysView="false" id="floatingMessage" style="position:absolute;width:380px;height:50px;z-index:999" title="&lt;span&gt;알려드립니다.&lt;/span&gt;" useResizeDrag="false" useModal="false" titleClass="">
				<xf:group id="grpMessage1" style="" class="contbox">
					<w2:textbox id="txtMessage" style="" class="th14 cl333" label="알려드립니다." tagname="p"></w2:textbox>
					<xf:group id="grpMessage2" style="" class="bdinfo mt17 pt20 bdt1d9">
						<xf:group id="grpMessage3" style="" class="ct">
							<xf:group id="grpMessage4" style="" class="btn_pp gy" tagname="span">
								<w2:textbox id="txtClose" style="" class="close" label="확인" tagname="a">
									<w2:attributes>
										<w2:href>#</w2:href>
									</w2:attributes>
								</w2:textbox>
							</xf:group>
						</xf:group>
					</xf:group>
				</xf:group>
			</w2:floatingLayer>
		</xf:group>
	</body>
</html>
