<?xml version="1.0" encoding="utf-8"?>
<html xmlns="http://www.w3.org/1999/xhtml" xmlns:ev="http://www.w3.org/2001/xml-events" xmlns:w2="http://www.inswave.com/websquare" xmlns:xf="http://www.w3.org/2002/xforms">
	<head>
		<w2:buildDate />
		<xf:model>
			<xf:instance>
				<data xmlns="" />
			</xf:instance>
		</xf:model>
		<script type="javascript"><![CDATA[
			var FileUpdateParam = {};
			var FileUpdateFunc = {
				openFileEditWindow : function(options) {
					floatingFileUpdateUpload.reset(); // 초기화
					if (typeof options != 'object') {
						alert('잘못된 요청입니다.');
						return false;
					} 
					FileUpdateParam.targetId = options.targetId;
					FileUpdateParam.fileType = options.fileType;
					FileUpdateParam.postFunction = options.postFunction;
					WQFunc.showDialog('grpFloatingFileUpload', 'floatingFileUpload');
				},
				// 파일 업로드 완료 처리
				uploadComplete : function() {
					if (floatingFileUpdateUpload.getValue() === '') {
						alert('파일을 넣어주세요.');
						return false;
					}
					// 후 처리 이벤트가 있을 경우 실행
					if (typeof FileUpdateParam.postFunction === 'function') {
						FileUpdateParam.postFunction();
					}
					// 닫기
					grpFloatingFileUpload.hide();
				}
			};
		]]></script>
	</head>
	<body>
    	<xf:group id="grpFloatingFileUpload" class="" style="position:fixed;left:0;top:0;width:100%;height:100%;display:none;z-index:800;overflow:hidden">
			<xf:group id="grpFloatingFileUploadBackground" class="" style="position:fixed;top:0;width:100%;height:100%;background:#000;opacity:0.3;filter:alpha(opacity=30)"></xf:group>
			<w2:floatingLayer bodyComplex="true" class="mpp flay" dragAlwaysView="false" id="floatingFileUpload" style="position:absolute;width:380px;height:190px;z-index:801" title="&lt;span&gt;파일 수정&lt;/span&gt;" useResizeDrag="false" useModal="false" titleClass="">
				<xf:group class="contbox" style="">
					<xf:group class="clearfix" style="width:338px;" tagname="">
						<label for="floatingFileUpdateUpload_inputFile" class="blind">파일수정</label>
						<w2:textbox id="popuploadtextbox1" style="" label="파일수정" tagname="label" for="floatingFileUpdateUpload_inputFile" class="blind"></w2:textbox>
						<w2:upload inputStyle="position:absolute;vertical-align:middle;word-wrap:break-word" action="/upload/temp.do" type="image" id="floatingFileUpdateUpload" style="width:338px;height:23px;" imageStyle="position:absolute;vertical-align:middle;word-wrap:break-word" disabled="" class="pfile" title="파일수정 찾기">
							<script type="javascript" ev:event="onInputValueChange(fileName)"><![CDATA[
								if (FileUpdateParam.fileType == 'image') {
									// 이미지 수정일 경우
									FileUploadFunc.onInputValueChange(this, FileUploadParam.type.image);
								} else {
									// 파일 수정일 경우
									FileUploadFunc.onInputValueChange(this, FileUploadParam.type.document);
								}
							]]></script>
							<script type="javascript" ev:event="ondone(retXml)"><![CDATA[
								FileUploadFunc.ondone(this, retXml);
								FileUpdateParam.retXml = retXml;
								FileUpdateParam.fileId = WebSquare.xml.getValue(retXml, '/ret/fileId');
							]]></script>
						</w2:upload>
					</xf:group>
					<xf:group class="bdinfo mt17 pt20 bdt1d9" style="">
						<xf:group class="ct" style="">
							<xf:group class="btn_pp gy mr5" style="" tagname="span">
								<w2:textbox class="" id="floatingFileUploadComplete" label="확인" style="" tagname="a">
									<w2:attributes>
										<w2:href>#</w2:href>
									</w2:attributes>
									<script type="javascript" ev:event="onclick"><![CDATA[
										FileUpdateFunc.uploadComplete();
									]]></script>
								</w2:textbox>
							</xf:group>
							<xf:group class="btn_pp" style="" tagname="span">
								<w2:textbox class="" id="floatingFileUploadClose" label="취소" style="" tagname="a">
									<w2:attributes>
										<w2:href>#</w2:href>
									</w2:attributes>
									<script type="javascript" ev:event="onclick"><![CDATA[
										grpFloatingFileUpload.hide();
									]]></script>
								</w2:textbox>
							</xf:group>
						</xf:group>
					</xf:group>
				</xf:group>
				
			</w2:floatingLayer>
    	</xf:group>
	</body>
</html>
