<?xml version="1.0" encoding="utf-8"?>
<html xmlns="http://www.w3.org/1999/xhtml" xmlns:ev="http://www.w3.org/2001/xml-events" xmlns:w2="http://www.inswave.com/websquare" xmlns:xf="http://www.w3.org/2002/xforms">
	<head>
		<w2:buildDate />
		<xf:model>
			<xf:instance>
				<data xmlns="" />
			</xf:instance>
		</xf:model>
		<script type="javascript"><![CDATA[
			var ImagePreviewFunc = {
				openImagePreviewWindow : function(options) {
					if (typeof options != 'object') {
						alert('잘못된 요청입니다.');
						return false;
					}
					// 이미지 확대 보기
					if (options.fileId) {
						imagePreview.setSrc('/download/docFile.do?fileId=' + options.fileId);
					} 
					else if (options.filePath){
						
						var queryString = '', key = '';
						for (key in options) {
							queryString += '&' + key + '=' + options[key];
						}
						imagePreview.setSrc('/carClaim/downloadCarAccidentPicture.do?' + queryString.substring(1));
						
				//	 'carClaim/downloadCarAccidentPicture.do?fileName=' + sFilePath + '&filePath=' + sFileName ;
					}
					else {
						var queryString = '', key = '';
						for (key in options) {
							queryString += '&' + key + '=' + options[key];
						}
						imagePreview.setSrc('/download/backBoneDocFile.do?' + queryString.substring(1));
					}
					$('#imagePreview').load(function() {
						grpFloatingImagePreview.show();
						var ImagePreviewParam = {
							width  : imagePreview.getSize('width'),
							height : imagePreview.getSize('height')
						};
						// TODO :  원본 사진 비율에 따른 사진 사이즈 조정 구현
						if (ImagePreviewParam.width >= 520 || ImagePreviewParam.height >=390) {
							imagePreview.setSize(520, 390);
							floatingImagePreview.setSize(520 + 2, 390);
						} else {
							floatingImagePreview.setSize(ImagePreviewParam.width + 2, ImagePreviewParam.height);
						}
						WQFunc.showDialog('grpFloatingImagePreview', 'floatingImagePreview');
					});
				}
			};
		]]></script>
	</head>
	<body>
    	<xf:group id="grpFloatingImagePreview" class="" style="position:fixed;left:0;top:0;width:100%;height:100%;display:none;z-index:800;overflow:hidden">
			<xf:group id="grpFloatingImagePreviewBackground" class="" style="position:fixed;top:0;width:100%;height:100%;background:#000;opacity:0.3;filter:alpha(opacity=30)"></xf:group>
	    	<w2:floatingLayer bodyComplex="true" class="mpp flay" dragAlwaysView="false" id="floatingImagePreview" style="position:absolute;width:520px;z-index:801" title="&lt;span&gt;이미지 확대 보기&lt;/span&gt;" useResizeDrag="false" useModal="false" titleClass="">
				<xf:image id="imagePreview" class="image_preview" style="" alt="이미지 확대 보기" src="/static/web/images/inc/blank.gif"></xf:image>
				<xf:group class="bdinfo mt17 pt20 bdt1d9" style="">
					<xf:group class="ct" style="">
						<xf:group class="btn_pp gy mr5" style="" tagname="span">
							<w2:textbox id="floatingImagePreviewClose" label="닫기" tagname="a">
								<w2:attributes>
									<w2:href>#</w2:href>
								</w2:attributes>
								<script type="javascript" ev:event="onclick"><![CDATA[
									grpFloatingImagePreview.hide();
								]]></script>
							</w2:textbox>
						</xf:group>
					</xf:group>
				</xf:group>
			</w2:floatingLayer>
		</xf:group>
	</body>
</html>
