<?xml version="1.0" encoding="UTF-8"?>
<html xmlns="http://www.w3.org/1999/xhtml"
    xmlns:ev="http://www.w3.org/2001/xml-events"
    xmlns:w2="http://www.inswave.com/websquare" xmlns:xf="http://www.w3.org/2002/xforms">
    <head>
        <w2:buildDate/>
        <xf:model>
            <xf:instance>
                <data xmlns=""/>
            </xf:instance>
        </xf:model>
        <script type="javascript"><![CDATA[
			// 단일페이지로 구성하여 opener 존재여부를 확인하는 방법은 똑똑한 자바스크립트 탓에 문제발생 소지가 있어 명확하게 분리하여 처리함.
			var parameters = WebSquare.net.getAllParameter();
			var redirectUrl = WebSquare.net.getParameter('url');

			for (var parmeter in parameters) {
				if (parmeter == 'url' || parmeter == 'w2xPath') {
					continue;
				} else {
					redirectUrl = redirectUrl + '&' + parmeter + '=' + parameters[parmeter] 
				}
			}

			// 요청 URL 정보가 올바르지 않을 경우
			if (redirectUrl === '') {
				// Browser session 확인
				if (WebSquare.session.getAttribute('returnUrl') !== null) {
					redirectUrl = WebSquare.session.getAttribute('returnUrl');
					WebSquare.session.removeAttribute('returnUrl');
				} else {
					alert('요청정보가 올바르지 않아 메인화면으로 이동합니다.');
					redirectUrl = '/static/web/index.xml';
				}
			}

			// TODO: 변경할 opener URL 정보에 따라 suffix 변경기능 추가해야 함. 또는 서버에서 suffix 처리된 URL 넘겨주면 됨.
			opener.location.href = '/websquare/educar.jsp?w2xPath=' + redirectUrl;
			setTimeout(function() { top.window.opener = top; top.window.open('','_parent',''); top.window.close(); } );
        ]]></script>
    </head>
    <body></body>
</html>
